{
  "mu": 0.27676686503918385,
  "gamma": 0.20734154157250156,
  "rho": -0.26,
  "equipos": {
    "Augsburg": {
      "ataque": -0.1547155520864077,
      "defensa": -0.02430614164828008
    },
    "Bayern Munich": {
      "ataque": 0.7076782015724662,
      "defensa": 0.4563398776340394
    },
    "Bielefeld": {
      "ataque": -0.4197441970029966,
      "defensa": -0.0695680646582172
    },
    "Bochum": {
      "ataque": -0.07847406856736114,
      "defensa": -0.1882998820242844
    },
    "Darmstadt": {
      "ataque": -0.3671280796077545,
      "defensa": -0.34396180098675583
    },
    "Dortmund": {
      "ataque": 0.3707836578406585,
      "defensa": 0.22254826637456349
    },
    "Ein Frankfurt": {
      "ataque": 0.22569996501864817,
      "defensa": 0.03223040303201688
    },
    "FC Koln": {
      "ataque": 0.012483574720741667,
      "defensa": -0.035608262358737736
    },
    "Fortuna Dusseldorf": {
      "ataque": -0.14745297459375922,
      "defensa": -0.06909787968345704
    },
    "Freiburg": {
      "ataque": 0.08487378141110415,
      "defensa": 0.08376724854060615
    },
    "Greuther Furth": {
      "ataque": -0.3562567290940207,
      "defensa": -0.11258091225259152
    },
    "Hamburg": {
      "ataque": -0.12074735960193084,
      "defensa": 0.05701077647790215
    },
    "Heidenheim": {
      "ataque": -0.1107711767495156,
      "defensa": -0.15605382767632822
    },
    "Hertha": {
      "ataque": -0.14674946900841926,
      "defensa": -0.06713260355744205
    },
    "Hoffenheim": {
      "ataque": 0.1570019610111085,
      "defensa": 0.007801592939924341
    },
    "Holstein Kiel": {
      "ataque": -0.040534701864517825,
      "defensa": -0.23197179293472128
    },
    "Leverkusen": {
      "ataque": 0.33821541043034503,
      "defensa": 0.29441923539775583
    },
    "M'gladbach": {
      "ataque": 0.07586778307569507,
      "defensa": -0.06867489024102352
    },
    "Mainz": {
      "ataque": 0.08549656503674884,
      "defensa": 0.04221227943056781
    },
    "Paderborn": {
      "ataque": -0.1179981272325075,
      "defensa": -0.13122064957478363
    },
    "RB Leipzig": {
      "ataque": 0.28875794641623453,
      "defensa": 0.12584930294115815
    },
    "Schalke 04": {
      "ataque": -0.224018301555234,
      "defensa": -0.1154064879521257
    },
    "St Pauli": {
      "ataque": -0.3176726016133585,
      "defensa": 0.05137332352328818
    },
    "Stuttgart": {
      "ataque": 0.32168859858773674,
      "defensa": 0.1476808691385816
    },
    "Union Berlin": {
      "ataque": -0.08244339532619087,
      "defensa": 0.13005516296903283
    },
    "Werder Bremen": {
      "ataque": -0.013584867368330325,
      "defensa": -0.015921049062586148
    },
    "Wolfsburg": {
      "ataque": 0.029744156150817356,
      "defensa": -0.021484093788102385
    }
  },
  "n_partidos": 2015,
  "usar_xg": true,
  "actualizado": "2026-07-21T15:19:38"
}