{
  "mu": -0.022506056946388592,
  "gamma": 0.3369217496511478,
  "rho": 2.220446049250313e-16,
  "equipos": {
    "America MG": {
      "ataque": -0.018871524938923804,
      "defensa": -0.24474514240108375
    },
    "Athletico-PR": {
      "ataque": 0.0960855631121402,
      "defensa": 0.10213444053221175
    },
    "Atletico GO": {
      "ataque": -0.12058274215268021,
      "defensa": -0.02470005594072216
    },
    "Atletico-MG": {
      "ataque": 0.20267799980412743,
      "defensa": 0.300773592053968
    },
    "Atletico-PR": {
      "ataque": 0.0697695562101642,
      "defensa": 0.12498355164382875
    },
    "Avai": {
      "ataque": -0.27479814229876764,
      "defensa": -0.2093044687019329
    },
    "Bahia": {
      "ataque": 0.18109047460631256,
      "defensa": -0.04940142679236678
    },
    "Botafogo RJ": {
      "ataque": 0.34148682995527435,
      "defensa": -0.17152140642450456
    },
    "Bragantino": {
      "ataque": 0.15359996895007605,
      "defensa": 0.16146444335870283
    },
    "CSA": {
      "ataque": -0.2888885298505883,
      "defensa": -0.12438375470221213
    },
    "Ceara": {
      "ataque": -0.12366981251726858,
      "defensa": 0.13306149251374721
    },
    "Chapecoense-SC": {
      "ataque": -0.2727356804866303,
      "defensa": -0.3933870941641254
    },
    "Clube do Remo": {
      "ataque": -0.007005549249327623,
      "defensa": -0.19893104539779405
    },
    "Corinthians": {
      "ataque": -0.06391908934903638,
      "defensa": 0.16655127742916792
    },
    "Coritiba": {
      "ataque": 0.06122913716003696,
      "defensa": -0.1467182274656235
    },
    "Criciuma": {
      "ataque": -0.012289652324675517,
      "defensa": -0.015570256266589805
    },
    "Cruzeiro": {
      "ataque": 0.011551086880345049,
      "defensa": -0.040052768241667265
    },
    "Cuiaba": {
      "ataque": -0.1575581990116122,
      "defensa": 0.2247329039837281
    },
    "Figueirense": {
      "ataque": -0.06924376878772606,
      "defensa": -0.016202179537990177
    },
    "Flamengo RJ": {
      "ataque": 0.39189587616773364,
      "defensa": 0.25310399869737815
    },
    "Fluminense": {
      "ataque": 0.21266705501724636,
      "defensa": 0.025257421458291695
    },
    "Fortaleza": {
      "ataque": 0.037203665846532556,
      "defensa": 0.10169080362689512
    },
    "Goias": {
      "ataque": -0.11886658903045434,
      "defensa": -0.09748484291998412
    },
    "Gremio": {
      "ataque": 0.061383559425335917,
      "defensa": -0.03971659874187843
    },
    "Internacional": {
      "ataque": 0.06078940105206758,
      "defensa": 0.10503056789893518
    },
    "Joinville": {
      "ataque": -0.03451258127464869,
      "defensa": -0.005243730929205469
    },
    "Juventude": {
      "ataque": -0.2830626826875801,
      "defensa": -0.2278577379862453
    },
    "Mineiro": {
      "ataque": 0.04876976181070248,
      "defensa": 0.0216549755762965
    },
    "Mirassol": {
      "ataque": -0.11381246041626857,
      "defensa": -0.09047128796712384
    },
    "Nautico": {
      "ataque": -0.010994809137452167,
      "defensa": -0.016738685114414915
    },
    "Palmeiras": {
      "ataque": 0.3089712338225057,
      "defensa": 0.48826323812214667
    },
    "Parana": {
      "ataque": 0.047709132162523454,
      "defensa": 0.2361282345998695
    },
    "Ponte Preta": {
      "ataque": -0.04525237419733903,
      "defensa": -0.02488885478514275
    },
    "Portuguesa": {
      "ataque": 0.002080751285209844,
      "defensa": 0.0036280951468904915
    },
    "Santa Cruz": {
      "ataque": 0.0026992047941387844,
      "defensa": -0.07973461210422238
    },
    "Santos": {
      "ataque": 0.10446710402515663,
      "defensa": -0.181507409781851
    },
    "Sao Paulo": {
      "ataque": 0.03385149168594086,
      "defensa": 0.1686614813393156
    },
    "Sport Recife": {
      "ataque": -0.3618024988927052,
      "defensa": 0.0878553684924231
    },
    "Vasco": {
      "ataque": -0.04333485639247676,
      "defensa": -0.0175171772063661
    },
    "Vasco da Gama": {
      "ataque": -0.04066936692744746,
      "defensa": -0.21052068188331485
    },
    "Vitoria": {
      "ataque": 0.03189205615003838,
      "defensa": -0.07837644101743513
    }
  },
  "n_partidos": 4741,
  "usar_xg": false,
  "actualizado": "2026-07-21T15:19:38"
}