{
  "fuerzas": {
    "1": {
      "ataque": 0.6324442282095561,
      "defensa": 0.4916983076249087
    },
    "2": {
      "ataque": 0.8347353117569979,
      "defensa": 0.8679609424291004
    },
    "3": {
      "ataque": 0.8326143011703254,
      "defensa": 0.7429466382212798
    },
    "4": {
      "ataque": 0.9833645872614147,
      "defensa": 1.6019899129892705
    },
    "5": {
      "ataque": 0.6804102882868939,
      "defensa": 0.08038032521333602
    },
    "6": {
      "ataque": 1.148305209807651,
      "defensa": 0.8219685084221546
    },
    "7": {
      "ataque": 0.7241796666824295,
      "defensa": 1.2208839756206586
    },
    "8": {
      "ataque": 1.1280220876803606,
      "defensa": 1.3029638754214214
    },
    "9": {
      "ataque": 1.302486127749738,
      "defensa": 0.9234068887975533
    },
    "10": {
      "ataque": 0.8882882706886919,
      "defensa": 1.0754892757261412
    },
    "11": {
      "ataque": 0.5179685949011055,
      "defensa": 0.02966228089057739
    },
    "12": {
      "ataque": 1.0945998248850919,
      "defensa": 0.5338546422775846
    },
    "13": {
      "ataque": 0.5790827049225833,
      "defensa": 0.9679903573518871
    },
    "14": {
      "ataque": 0.3701231573557974,
      "defensa": 0.5607990023942399
    },
    "15": {
      "ataque": 0.7623619351030765,
      "defensa": 0.7235772299125496
    },
    "16": {
      "ataque": 0.5238497188374049,
      "defensa": 0.4682487433254134
    },
    "17": {
      "ataque": 0.6704420250398585,
      "defensa": 0.3965887251842975
    },
    "18": {
      "ataque": 0.4541394971777378,
      "defensa": -0.00903744260523066
    },
    "19": {
      "ataque": 0.18204950791871755,
      "defensa": 0.3423684505611285
    },
    "20": {
      "ataque": 0.5853025208927114,
      "defensa": 0.736608795169692
    },
    "21": {
      "ataque": 0.8145735555811889,
      "defensa": 0.7011292204084264
    },
    "22": {
      "ataque": 0.8101579094868647,
      "defensa": 0.5780969867292499
    },
    "23": {
      "ataque": 0.028425105970225212,
      "defensa": 0.43511170358569157
    },
    "24": {
      "ataque": 0.5473476854390997,
      "defensa": 0.26267898197635364
    },
    "25": {
      "ataque": 1.041422687405804,
      "defensa": 0.6814792234394386
    },
    "26": {
      "ataque": 0.9991635361704677,
      "defensa": 1.5710022343651266
    },
    "27": {
      "ataque": 1.0420824348281985,
      "defensa": 0.6055107356548447
    },
    "28": {
      "ataque": -0.29772947597873756,
      "defensa": 0.8132272182654278
    },
    "29": {
      "ataque": 0.5421011472789533,
      "defensa": 0.2708638616423339
    },
    "30": {
      "ataque": -0.13409156903678968,
      "defensa": 0.8759556467518923
    },
    "31": {
      "ataque": 0.21705567106227072,
      "defensa": 1.0492059018163522
    },
    "32": {
      "ataque": 0.39238256795255444,
      "defensa": -0.10272704180380089
    },
    "767": {
      "ataque": 0.376669508950876,
      "defensa": 0.15253598775520427
    },
    "768": {
      "ataque": 0.736173415503394,
      "defensa": 0.5196013255106713
    },
    "769": {
      "ataque": 0.29987817758657676,
      "defensa": 0.3779369091574547
    },
    "770": {
      "ataque": 0.6488505871964211,
      "defensa": 0.2808521228472284
    },
    "771": {
      "ataque": 0.2301041885420297,
      "defensa": 0.43863755588927156
    },
    "772": {
      "ataque": 0.3905732595276824,
      "defensa": 0.1283177635582996
    },
    "773": {
      "ataque": 0.209785407798331,
      "defensa": 0.25225344035038133
    },
    "774": {
      "ataque": 0.3821137498232507,
      "defensa": 0.3074486590332921
    },
    "775": {
      "ataque": 0.6478102572365884,
      "defensa": 0.6954849147016259
    },
    "776": {
      "ataque": 0.20191979416605738,
      "defensa": 0.2463376550671545
    },
    "777": {
      "ataque": 0.8023416030629367,
      "defensa": 0.39444319044057385
    },
    "778": {
      "ataque": -0.15402550550550084,
      "defensa": 0.556926450062582
    },
    "1090": {
      "ataque": 1.108757765751228,
      "defensa": 0.5741679767949797
    },
    "1091": {
      "ataque": -0.05247348717054082,
      "defensa": 0.6755336777687878
    },
    "1092": {
      "ataque": -0.4549375356903761,
      "defensa": -0.32586368726802406
    },
    "1093": {
      "ataque": -1.2152156419097566,
      "defensa": -0.5877219920197321
    },
    "1094": {
      "ataque": -0.17112908332124702,
      "defensa": -0.45675424395765246
    },
    "1095": {
      "ataque": -0.29551377641772947,
      "defensa": -0.21157813003711587
    },
    "1096": {
      "ataque": -0.3313463977327562,
      "defensa": -0.33823921209403446
    },
    "1097": {
      "ataque": -0.516062251285185,
      "defensa": -0.06946504554861219
    },
    "1098": {
      "ataque": -0.10646495477229581,
      "defensa": 0.2220918849050783
    },
    "1099": {
      "ataque": -0.13671415718567662,
      "defensa": -0.0014527577641385726
    },
    "1100": {
      "ataque": -0.4826218417493753,
      "defensa": -0.1432546367981302
    },
    "1101": {
      "ataque": -0.3398616737745299,
      "defensa": -0.08114625876698402
    },
    "1102": {
      "ataque": -0.29673480550845177,
      "defensa": 0.004078204298831522
    },
    "1103": {
      "ataque": -0.28099632369372063,
      "defensa": 0.0028694598353230126
    },
    "1104": {
      "ataque": 0.605028286288256,
      "defensa": 0.25102193403164813
    },
    "1105": {
      "ataque": -0.04891527871892076,
      "defensa": -0.00023839883612878678
    },
    "1106": {
      "ataque": -0.1090022975484071,
      "defensa": -0.2637252057671939
    },
    "1107": {
      "ataque": -2.3200326445910506,
      "defensa": -0.9418243017233526
    },
    "1108": {
      "ataque": 0.516401792888742,
      "defensa": 0.2823480031789193
    },
    "1109": {
      "ataque": -0.11642877284128442,
      "defensa": -0.0851149045769246
    },
    "1110": {
      "ataque": -1.1962763668939442,
      "defensa": -0.22567974038157765
    },
    "1111": {
      "ataque": 0.41327335431326795,
      "defensa": 0.35274523858918794
    },
    "1112": {
      "ataque": -0.6731198803768322,
      "defensa": -0.3503432285999643
    },
    "1113": {
      "ataque": 0.18219655177879937,
      "defensa": 0.23537258016395282
    },
    "1114": {
      "ataque": -0.3980996893524913,
      "defensa": -0.4885711388156697
    },
    "1115": {
      "ataque": -1.2898896011364793,
      "defensa": -1.095889235639268
    },
    "1116": {
      "ataque": 0.6291710300005039,
      "defensa": -0.11144607797574867
    },
    "1117": {
      "ataque": 0.5308647224405003,
      "defensa": 0.34698273405018665
    },
    "1118": {
      "ataque": 1.0400669165734593,
      "defensa": 0.6326071844774358
    },
    "1489": {
      "ataque": -0.5569156249284101,
      "defensa": 0.030725359814588495
    },
    "1491": {
      "ataque": -0.26223465054632755,
      "defensa": 0.5199540565760613
    },
    "1492": {
      "ataque": -0.35412686571871554,
      "defensa": -0.1739941056857641
    },
    "1493": {
      "ataque": -0.7840629364370161,
      "defensa": 0.16382606565245908
    },
    "1495": {
      "ataque": -0.3301042702884228,
      "defensa": -0.5345912416902306
    },
    "1497": {
      "ataque": -0.508016506020827,
      "defensa": 0.09430438164429887
    },
    "1499": {
      "ataque": -0.18885341133070396,
      "defensa": -0.5507125994996387
    },
    "1500": {
      "ataque": 0.4991332550543979,
      "defensa": 0.573429124369797
    },
    "1501": {
      "ataque": 0.5697893746890426,
      "defensa": 0.24770131241676455
    },
    "1502": {
      "ataque": 0.42861461024987824,
      "defensa": 0.16593553076584275
    },
    "1503": {
      "ataque": 0.009929419394056116,
      "defensa": -0.2822854376649472
    },
    "1504": {
      "ataque": 0.16709634777268634,
      "defensa": -0.021348513556621044
    },
    "1505": {
      "ataque": -0.4954992245950176,