{
  "mu": 0.20169903301253492,
  "gamma": 0.15860680759217557,
  "rho": -0.19999999999999996,
  "equipos": {
    "Atalanta": {
      "ataque": 0.39106193057088695,
      "defensa": 0.18512971126551483
    },
    "Benevento": {
      "ataque": -0.13317277072077957,
      "defensa": -0.1815424383880718
    },
    "Bologna": {
      "ataque": 0.132266320699285,
      "defensa": 0.1293354453907442
    },
    "Brescia": {
      "ataque": -0.06821070498443083,
      "defensa": -0.2414425902266922
    },
    "Cagliari": {
      "ataque": -0.04942031138742447,
      "defensa": -0.07549211262904887
    },
    "Como": {
      "ataque": 0.24826637244788727,
      "defensa": 0.22452495651625962
    },
    "Cremonese": {
      "ataque": -0.19740624358484335,
      "defensa": -0.12253519212466359
    },
    "Crotone": {
      "ataque": -0.07671600001250872,
      "defensa": -0.2932134852563165
    },
    "Empoli": {
      "ataque": -0.20760415007500713,
      "defensa": -0.026046230724988805
    },
    "Fiorentina": {
      "ataque": 0.19503801804022836,
      "defensa": 0.048306192170477345
    },
    "Frosinone": {
      "ataque": 0.021377734998468578,
      "defensa": -0.1739322785780571
    },
    "Genoa": {
      "ataque": -0.08350989557437714,
      "defensa": 0.03762555786217517
    },
    "Inter": {
      "ataque": 0.5575524693446803,
      "defensa": 0.4104978830676148
    },
    "Juventus": {
      "ataque": 0.2843474635719619,
      "defensa": 0.45342568980904935
    },
    "Lazio": {
      "ataque": 0.12113042115699618,
      "defensa": 0.19469775765951453
    },
    "Lecce": {
      "ataque": -0.3078170653906467,
      "defensa": -0.057532302097528326
    },
    "Milan": {
      "ataque": 0.37802116764317883,
      "defensa": 0.25090551982142173
    },
    "Monza": {
      "ataque": -0.22993489206059278,
      "defensa": -0.1316216638502349
    },
    "Napoli": {
      "ataque": 0.2497198022386117,
      "defensa": 0.4108916444681491
    },
    "Parma": {
      "ataque": -0.11163459549789975,
      "defensa": -0.09942519175498185
    },
    "Pisa": {
      "ataque": -0.09828110549534175,
      "defensa": -0.20081205485930786
    },
    "Roma": {
      "ataque": 0.21207981438967083,
      "defensa": 0.28001022907494005
    },
    "Salernitana": {
      "ataque": -0.2776994031743215,
      "defensa": -0.3052871283691913
    },
    "Sampdoria": {
      "ataque": -0.20633713268235732,
      "defensa": -0.17889482149577485
    },
    "Sassuolo": {
      "ataque": 0.013928366969486707,
      "defensa": -0.07105077658971165
    },
    "Spal": {
      "ataque": -0.14621488073688554,
      "defensa": -0.18298836313339087
    },
    "Spezia": {
      "ataque": -0.13733310101298815,
      "defensa": -0.1739049933040018
    },
    "Torino": {
      "ataque": -0.07802735929299676,
      "defensa": 0.05740490188707743
    },
    "Udinese": {
      "ataque": -0.028608434997788406,
      "defensa": -0.0058699390975193695
    },
    "Venezia": {
      "ataque": -0.17069440158773758,
      "defensa": -0.12342044856229047
    },
    "Verona": {
      "ataque": -0.1961674338024151,
      "defensa": -0.03774347795116597
    }
  },
  "n_partidos": 2510,
  "usar_xg": true,
  "actualizado": "2026-07-21T15:19:38"
}