{
  "mu": 0.2013829737398238,
  "gamma": 0.22729637916502046,
  "rho": -0.24,
  "equipos": {
    "Ajaccio": {
      "ataque": -0.5182168396069854,
      "defensa": -0.058022249122281606
    },
    "Amiens": {
      "ataque": -0.13274754986445306,
      "defensa": 0.026368669660929878
    },
    "Angers": {
      "ataque": -0.21894841339671448,
      "defensa": -0.05355437027237211
    },
    "Auxerre": {
      "ataque": -0.1281116007827185,
      "defensa": -0.014924080296781952
    },
    "Bordeaux": {
      "ataque": -0.09647943575238518,
      "defensa": -0.13340399601595965
    },
    "Brest": {
      "ataque": 0.0842686166449433,
      "defensa": -0.004535046406867245
    },
    "Clermont": {
      "ataque": -0.18424074863936205,
      "defensa": -0.10253410760130696
    },
    "Dijon": {
      "ataque": -0.3329033011281474,
      "defensa": -0.14998250919270112
    },
    "Le Havre": {
      "ataque": -0.12382103357851316,
      "defensa": -0.045614423342696706
    },
    "Lens": {
      "ataque": 0.28017241832534207,
      "defensa": 0.2260477589596655
    },
    "Lille": {
      "ataque": 0.2327410265125119,
      "defensa": 0.21127993035484896
    },
    "Lorient": {
      "ataque": 0.00011270303538566144,
      "defensa": -0.0058442065397016135
    },
    "Lyon": {
      "ataque": 0.29803926757499977,
      "defensa": 0.14731640056430878
    },
    "Marseille": {
      "ataque": 0.4010159766579795,
      "defensa": 0.17566015910509236
    },
    "Metz": {
      "ataque": -0.24385903352024418,
      "defensa": -0.19552844063717126
    },
    "Monaco": {
      "ataque": 0.3544961988275304,
      "defensa": 0.1219798478732879
    },
    "Montpellier": {
      "ataque": -0.09732030934353832,
      "defensa": -0.19585060316603004
    },
    "Nantes": {
      "ataque": -0.1384533140738181,
      "defensa": -0.06384512855613368
    },
    "Nice": {
      "ataque": 0.19379686267877858,
      "defensa": 0.08415855144839683
    },
    "Nimes": {
      "ataque": -0.16710418439043545,
      "defensa": -0.06900522634538779
    },
    "Paris FC": {
      "ataque": 0.006931347018247239,
      "defensa": -0.0532902017883647
    },
    "Paris SG": {
      "ataque": 0.5750064893452579,
      "defensa": 0.3722055766457619
    },
    "Reims": {
      "ataque": -0.10470101380635434,
      "defensa": 0.013024510468802576
    },
    "Rennes": {
      "ataque": 0.18602647781418324,
      "defensa": 0.06739667268184162
    },
    "St Etienne": {
      "ataque": -0.08549785536314862,
      "defensa": -0.3524865287993102
    },
    "Strasbourg": {
      "ataque": 0.1483659916966856,
      "defensa": 0.0814785851830499
    },
    "Toulouse": {
      "ataque": 0.07436349504757286,
      "defensa": 0.1886489506251689
    },
    "Troyes": {
      "ataque": -0.26293223793259995,
      "defensa": -0.21714449548808848
    }
  },
  "n_partidos": 2211,
  "usar_xg": true,
  "actualizado": "2026-07-21T15:19:38"
}