{
  "mu": 0.27635890186966844,
  "gamma": 0.19223613484163513,
  "rho": -0.28,
  "equipos": {
    "Arsenal": {
      "ataque": 0.3509308800358668,
      "defensa": 0.5398094332223768
    },
    "Aston Villa": {
      "ataque": 0.13455603441860883,
      "defensa": 0.10872273610449093
    },
    "Bournemouth": {
      "ataque": 0.1948844617743623,
      "defensa": 0.08248557683118396
    },
    "Brentford": {
      "ataque": 0.1934466953807502,
      "defensa": 0.06388366370238195
    },
    "Brighton": {
      "ataque": 0.13916921899577964,
      "defensa": 0.1272954975244319
    },
    "Burnley": {
      "ataque": -0.2659560579220543,
      "defensa": -0.207362979227912
    },
    "Chelsea": {
      "ataque": 0.2653974721277088,
      "defensa": 0.11039815402550739
    },
    "Crystal Palace": {
      "ataque": 0.07839220626144584,
      "defensa": 0.08466180602006115
    },
    "Everton": {
      "ataque": -0.06704423469714167,
      "defensa": 0.10759539715787032
    },
    "Fulham": {
      "ataque": -0.009529376846831741,
      "defensa": 0.07822530386332241
    },
    "Ipswich": {
      "ataque": -0.27791009895242036,
      "defensa": -0.2800807602074987
    },
    "Leeds": {
      "ataque": 0.08673040192342599,
      "defensa": 0.051406794656984056
    },
    "Leicester": {
      "ataque": -0.2310276348750955,
      "defensa": -0.20290244934821058
    },
    "Liverpool": {
      "ataque": 0.38922709847381504,
      "defensa": 0.20529328665490773
    },
    "Luton": {
      "ataque": -0.023470127911120638,
      "defensa": -0.3506553868248044
    },
    "Man City": {
      "ataque": 0.41981396292380785,
      "defensa": 0.3486428331417095
    },
    "Man United": {
      "ataque": 0.21243621551926836,
      "defensa": 0.12005628908590814
    },
    "Newcastle": {
      "ataque": 0.22980290055530037,
      "defensa": 0.08858833940204541
    },
    "Norwich": {
      "ataque": -0.4173252027836614,
      "defensa": -0.25083818777555666
    },
    "Nott'm Forest": {
      "ataque": -0.019494901913292582,
      "defensa": 0.0539708613941146
    },
    "Sheffield United": {
      "ataque": -0.26254301889022114,
      "defensa": -0.31149156566287584
    },
    "Southampton": {
      "ataque": -0.33311498971796827,
      "defensa": -0.31196016189020376
    },
    "Sunderland": {
      "ataque": -0.15003492423020956,
      "defensa": 0.0944860325460641
    },
    "Tottenham": {
      "ataque": 0.08247319550365449,
      "defensa": 0.02541144167037289
    },
    "Watford": {
      "ataque": -0.24947644817692025,
      "defensa": -0.11422887805167294
    },
    "West Brom": {
      "ataque": -0.21538854973222996,
      "defensa": -0.146027073058948
    },
    "West Ham": {
      "ataque": -0.022594969182242547,
      "defensa": -0.05766061791959952
    },
    "Wolves": {
      "ataque": -0.23235020806238507,
      "defensa": -0.057725387036451
    }
  },
  "n_partidos": 2660,
  "usar_xg": true,
  "actualizado": "2026-07-21T15:19:38"
}