{
  "mu": 0.12786149401081115,
  "gamma": 0.3046900217751924,
  "rho": -0.21999999999999997,
  "equipos": {
    "Alaves": {
      "ataque": -0.023254610271976728,
      "defensa": 0.05881589920946035
    },
    "Almeria": {
      "ataque": -0.012615666754984505,
      "defensa": -0.22246070074017832
    },
    "Ath Bilbao": {
      "ataque": 0.09109955547272516,
      "defensa": 0.20652683806996125
    },
    "Ath Madrid": {
      "ataque": 0.31233063086683405,
      "defensa": 0.1886244136100632
    },
    "Barcelona": {
      "ataque": 0.6242710667490379,
      "defensa": 0.21655918227979662
    },
    "Betis": {
      "ataque": 0.16388631470965145,
      "defensa": 0.09982049077547071
    },
    "Cadiz": {
      "ataque": -0.26148013936460107,
      "defensa": -0.03462024407596943
    },
    "Celta": {
      "ataque": 0.08434478388597191,
      "defensa": 0.03965573329603702
    },
    "Eibar": {
      "ataque": -0.1525695973506653,
      "defensa": 0.0636578108989596
    },
    "Elche": {
      "ataque": -0.03670141058248158,
      "defensa": -0.1501131360616366
    },
    "Espanol": {
      "ataque": -0.06762700091948008,
      "defensa": -0.05602205758204783
    },
    "Getafe": {
      "ataque": -0.2834439510176252,
      "defensa": 0.17736507911060279
    },
    "Girona": {
      "ataque": 0.06946574337097733,
      "defensa": -0.05838471525015774
    },
    "Granada": {
      "ataque": -0.1405595850030492,
      "defensa": -0.21284265051685458
    },
    "Huesca": {
      "ataque": -0.20301579613338824,
      "defensa": 0.034976759160755676
    },
    "Las Palmas": {
      "ataque": -0.25647421966225115,
      "defensa": -0.15167533539401531
    },
    "Leganes": {
      "ataque": -0.19828030948291744,
      "defensa": -0.10970203727179231
    },
    "Levante": {
      "ataque": 0.14151455431945653,
      "defensa": -0.1286334016871458
    },
    "Mallorca": {
      "ataque": -0.10166423574501507,
      "defensa": -0.009285243800478385
    },
    "Osasuna": {
      "ataque": -0.016753301797520492,
      "defensa": 0.05266290410704437
    },
    "Oviedo": {
      "ataque": -0.2486249455709173,
      "defensa": -0.1324807900405052
    },
    "Real Madrid": {
      "ataque": 0.48028300371935106,
      "defensa": 0.26714278308624945
    },
    "Sevilla": {
      "ataque": -0.09705151951431257,
      "defensa": 0.0017591343441334631
    },
    "Sociedad": {
      "ataque": 0.0986107551326951,
      "defensa": 0.03909729026262986
    },
    "Valencia": {
      "ataque": 0.00625654755543392,
      "defensa": 0.03961239225220457
    },
    "Valladolid": {
      "ataque": -0.32138580320598414,
      "defensa": -0.326331634921137
    },
    "Vallecano": {
      "ataque": 0.014028977122285593,
      "defensa": 0.06892444725021267
    },
    "Villarreal": {
      "ataque": 0.3354101594727502,
      "defensa": 0.03735078962833687
    }
  },
  "n_partidos": 2500,
  "usar_xg": true,
  "actualizado": "2026-07-21T15:19:38"
}